<?xml version="1.0" encoding="UTF-8"?>
<modification>
    <id>System Information</id>
    <version>2.1.2</version>
    <vqmver>2.5.0</vqmver>
    <author>EchoThemes.com</author>

    <file path="admin/controller/common/menu.php">
        <operation info="Add menu">
            <search position="before"><![CDATA[$this->load->view('common/menu.tpl', $data)]]></search>
            <add><![CDATA[
            $data['text_sysinfo']   = 'System Information';
            $data['url_sysinfo']    = $this->url->link('tool/sysinfo', 'token=' . $this->session->data['token'], 'SSL');
            ]]></add>
        </operation>
    </file>
    <file path="admin/view/template/common/menu.tpl">
        <operation>
            <search position="before"><![CDATA[<a class="parent"><?php echo $text_tools; ?></a>]]></search>
            <add><![CDATA[
            <li><a href="<?php echo $url_sysinfo; ?>"><?php echo $text_sysinfo; ?></a></li>
            ]]></add>
        </operation>
    </file>

    <file path="system/library/db.php">
        <operation>
            <search position="before"><![CDATA[public function getLastId()]]></search>
            <add><![CDATA[
            public function getServerInfo() {
                return $this->db->getServerInfo();
            }

            public function getHostInfo() {
                return $this->db->getHostInfo();
            }
            ]]></add>
        </operation>
    </file>
    <file path="system/library/db/mysql.php">
        <operation>
            <search position="before"><![CDATA[public function getLastId()]]></search>
            <add><![CDATA[
            public function getServerInfo() {
                if ($this->link) {
                    return mysql_get_server_info();
                }
            }

            public function getHostInfo() {
                if ($this->link) {
                    return mysql_get_host_info();
                }
            }
            ]]></add>
        </operation>
    </file>
    <file path="system/library/db/mysqli.php">
        <operation>
            <search position="before"><![CDATA[public function getLastId()]]></search>
            <add><![CDATA[
            public function getServerInfo() {
                return $this->link->server_info;
            }

            public function getHostInfo() {
                return $this->link->host_info;
            }
            ]]></add>
        </operation>
    </file>
</modification>
